games,percentage
50,0.7
100,0.73
150,0.6933333333333334
200,0.695
250,0.704
300,0.7033333333333334
350,0.6828571428571428
400,0.6925
450,0.6955555555555556
500,0.706
550,0.7018181818181818
600,0.705
650,0.7046153846153846
700,0.6985714285714286
750,0.6906666666666667
800,0.68375
850,0.6752941176470588
900,0.6744444444444444
950,0.6768421052631579
1000,0.679
