games,percentage
50,0.4
100,0.48
150,0.47333333333333333
200,0.48
250,0.44
300,0.4266666666666667
350,0.4142857142857143
400,0.4125
450,0.41555555555555557
500,0.414
550,0.4163636363636364
600,0.41333333333333333
650,0.4076923076923077
700,0.4057142857142857
750,0.4093333333333333
800,0.4075
850,0.40705882352941175
900,0.4088888888888889
950,0.40421052631578946
1000,0.402
